trait,pooling,qwk_train,qwk_test
clarity,cls,0.8895847752249351,0.2902076613164405
clarity,mean,0.8830129281799771,0.3002245268897681
clarity,max,0.38395134985996826,0.0943596210395864
