trait,pooling,qwk_train,qwk_test
persuasive,cls,0.8896332246002069,0.4371930936163472
persuasive,mean,0.8485745949928976,0.4120972384171451
persuasive,max,0.33378030800832703,0.10801109479523563
